train_pct,test_size,run,strategy,train_fraud_rate,test_fraud_rate,train_fraud_count,test_fraud_count,train_accuracy,test_accuracy
60,0.4,0,regular,0.03833333333333333,0.0675,23,27,0.935,0.94
60,0.4,0,stratified,0.05,0.05,30,20,0.925,0.9175
60,0.4,1,regular,0.055,0.0425,33,17,0.9416666666666667,0.94
60,0.4,1,stratified,0.05,0.05,30,20,0.945,0.925
60,0.4,2,regular,0.058333333333333334,0.0375,35,15,0.91,0.92
60,0.4,2,stratified,0.05,0.05,30,20,0.9016666666666666,0.91
60,0.4,3,regular,0.05,0.05,30,20,0.9316666666666666,0.9075
60,0.4,3,stratified,0.05,0.05,30,20,0.9366666666666666,0.93
60,0.4,4,regular,0.043333333333333335,0.06,26,24,0.9333333333333333,0.92
60,0.4,4,stratified,0.05,0.05,30,20,0.9116666666666666,0.93
60,0.4,5,regular,0.051666666666666666,0.0475,31,19,0.9116666666666666,0.8875
60,0.4,5,stratified,0.05,0.05,30,20,0.9216666666666666,0.9525
60,0.4,6,regular,0.056666666666666664,0.04,34,16,0.935,0.8925
60,0.4,6,stratified,0.05,0.05,30,20,0.9216666666666666,0.9275
60,0.4,7,regular,0.04833333333333333,0.0525,29,21,0.93,0.9375
60,0.4,7,stratified,0.05,0.05,30,20,0.9166666666666666,0.93
60,0.4,8,regular,0.04666666666666667,0.055,28,22,0.92,0.92
60,0.4,8,stratified,0.05,0.05,30,20,0.9266666666666666,0.915
60,0.4,9,regular,0.041666666666666664,0.0625,25,25,0.9333333333333333,0.8975
60,0.4,9,stratified,0.05,0.05,30,20,0.9166666666666666,0.905
70,0.3,0,regular,0.04285714285714286,0.06666666666666667,30,20,0.9257142857142857,0.9133333333333333
70,0.3,0,stratified,0.05,0.05,35,15,0.9271428571428572,0.92
70,0.3,1,regular,0.04857142857142857,0.05333333333333334,34,16,0.9442857142857143,0.9333333333333333
70,0.3,1,stratified,0.05,0.05,35,15,0.9357142857142857,0.9333333333333333
70,0.3,2,regular,0.05857142857142857,0.03,41,9,0.9228571428571428,0.9366666666666666
70,0.3,2,stratified,0.05,0.05,35,15,0.9014285714285715,0.91
70,0.3,3,regular,0.047142857142857146,0.056666666666666664,33,17,0.9228571428571428,0.9166666666666666
70,0.3,3,stratified,0.05,0.05,35,15,0.9471428571428572,0.9366666666666666
70,0.3,4,regular,0.05,0.05,35,15,0.9314285714285714,0.9066666666666666
70,0.3,4,stratified,0.05,0.05,35,15,0.9428571428571428,0.96
70,0.3,5,regular,0.05,0.05,35,15,0.91,0.86
70,0.3,5,stratified,0.05,0.05,35,15,0.9342857142857143,0.9533333333333334
70,0.3,6,regular,0.05,0.05,35,15,0.9371428571428572,0.8966666666666666
70,0.3,6,stratified,0.05,0.05,35,15,0.9328571428571428,0.9166666666666666
70,0.3,7,regular,0.05,0.05,35,15,0.9214285714285714,0.9266666666666666
70,0.3,7,stratified,0.05,0.05,35,15,0.9257142857142857,0.9366666666666666
70,0.3,8,regular,0.04428571428571428,0.06333333333333334,31,19,0.9314285714285714,0.9333333333333333
70,0.3,8,stratified,0.05,0.05,35,15,0.9214285714285714,0.9266666666666666
70,0.3,9,regular,0.041428571428571426,0.07,29,21,0.9171428571428571,0.88
70,0.3,9,stratified,0.05,0.05,35,15,0.9142857142857143,0.9033333333333333
80,0.2,0,regular,0.04875,0.055,39,11,0.9275,0.895
80,0.2,0,stratified,0.05,0.05,40,10,0.9275,0.93
80,0.2,1,regular,0.05,0.05,40,10,0.93875,0.955
80,0.2,1,stratified,0.05,0.05,40,10,0.93375,0.92
80,0.2,2,regular,0.0575,0.02,46,4,0.92875,0.935
80,0.2,2,stratified,0.05,0.05,40,10,0.90625,0.92
80,0.2,3,regular,0.0475,0.06,38,12,0.9125,0.945
80,0.2,3,stratified,0.05,0.05,40,10,0.9475,0.925
80,0.2,4,regular,0.05,0.05,40,10,0.91625,0.88
80,0.2,4,stratified,0.05,0.05,40,10,0.91875,0.96
80,0.2,5,regular,0.05125,0.045,41,9,0.92625,0.865
80,0.2,5,stratified,0.05,0.05,40,10,0.93875,0.96
80,0.2,6,regular,0.04875,0.055,39,11,0.935,0.895
80,0.2,6,stratified,0.05,0.05,40,10,0.92625,0.915
80,0.2,7,regular,0.05125,0.045,41,9,0.92,0.94
80,0.2,7,stratified,0.05,0.05,40,10,0.935,0.94
80,0.2,8,regular,0.0475,0.06,38,12,0.92625,0.95
80,0.2,8,stratified,0.05,0.05,40,10,0.93,0.925
80,0.2,9,regular,0.04625,0.065,37,13,0.93,0.92
80,0.2,9,stratified,0.05,0.05,40,10,0.92375,0.915
90,0.1,0,regular,0.052222222222222225,0.03,47,3,0.9255555555555556,0.91
90,0.1,0,stratified,0.05,0.05,45,5,0.9188888888888889,0.96
90,0.1,1,regular,0.04888888888888889,0.06,44,6,0.9255555555555556,0.95
90,0.1,1,stratified,0.05,0.05,45,5,0.9344444444444444,0.9
90,0.1,2,regular,0.05444444444444444,0.01,49,1,0.92,0.92
90,0.1,2,stratified,0.05,0.05,45,5,0.9244444444444444,0.97
90,0.1,3,regular,0.04888888888888889,0.06,44,6,0.9222222222222223,0.98
90,0.1,3,stratified,0.05,0.05,45,5,0.93,0.93
90,0.1,4,regular,0.052222222222222225,0.03,47,3,0.9188888888888889,0.92
90,0.1,4,stratified,0.05,0.05,45,5,0.9333333333333333,0.97
90,0.1,5,regular,0.05,0.05,45,5,0.9177777777777778,0.88
90,0.1,5,stratified,0.05,0.05,45,5,0.93,0.95
90,0.1,6,regular,0.04666666666666667,0.08,42,8,0.9466666666666667,0.89
90,0.1,6,stratified,0.05,0.05,45,5,0.93,0.91
90,0.1,7,regular,0.05333333333333334,0.02,48,2,0.9277777777777778,0.94
90,0.1,7,stratified,0.05,0.05,45,5,0.9266666666666666,0.95
90,0.1,8,regular,0.05,0.05,45,5,0.9244444444444444,0.95
90,0.1,8,stratified,0.05,0.05,45,5,0.9344444444444444,0.91
90,0.1,9,regular,0.04777777777777778,0.07,43,7,0.9344444444444444,0.88
90,0.1,9,stratified,0.05,0.05,45,5,0.93,0.92
